BEGIN TRANSACTION;
CREATE TABLE attack_details (
        traffic_log_id INTEGER PRIMARY KEY,
        raw_payload TEXT,
        response_payload TEXT,
        attack_vector TEXT,
        risk_level INTEGER,
        hits INTEGER,
        interaction_depth INTEGER,
        dwell_time REAL,
        mitigation_status TEXT,
        FOREIGN KEY(traffic_log_id) REFERENCES traffic_logs(id)
    );
INSERT INTO "attack_details" VALUES(6,'; cat /etc/passwd','{"status": "decoy", "hint": "fake-record", "token": "fx-23362"}','CMD Injection',94,2,83,486.0,'Monitored');
INSERT INTO "attack_details" VALUES(7,''' OR 1=1 --','{"status": "decoy", "hint": "fake-record", "token": "fx-57627"}','SQLi',79,1,91,47.0,'Blocked');
INSERT INTO "attack_details" VALUES(8,'; cat /etc/passwd','{"status": "decoy", "hint": "fake-record", "token": "fx-88379"}','CMD Injection',65,4,92,272.0,'Monitored');
INSERT INTO "attack_details" VALUES(14,'&& whoami','{"status": "decoy", "hint": "fake-record", "token": "fx-77907"}','CMD Injection',76,5,92,545.0,'Sandboxed');
INSERT INTO "attack_details" VALUES(21,'| powershell -c Get-Process','{"status": "decoy", "hint": "fake-record", "token": "fx-71424"}','CMD Injection',74,5,65,420.0,'Sandboxed');
INSERT INTO "attack_details" VALUES(23,'..\..\..\..\windows\win.ini','{"status": "decoy", "hint": "fake-record", "token": "fx-94124"}','LFI',99,1,93,37.0,'Monitored');
INSERT INTO "attack_details" VALUES(24,'1; DROP TABLE users; --','{"status": "decoy", "hint": "fake-record", "token": "fx-46277"}','SQLi',79,2,90,577.0,'Monitored');
INSERT INTO "attack_details" VALUES(25,'&& whoami','{"status": "decoy", "hint": "fake-record", "token": "fx-20538"}','CMD Injection',83,4,51,47.0,'Blocked');
INSERT INTO "attack_details" VALUES(27,'<img src=x onerror=alert(1)>','{"status": "decoy", "hint": "fake-record", "token": "fx-28864"}','XSS',99,1,48,344.0,'Blocked');
INSERT INTO "attack_details" VALUES(28,'<script>alert(1)</script>','{"status": "decoy", "hint": "fake-record", "token": "fx-35554"}','XSS',63,6,70,426.0,'Blocked');
INSERT INTO "attack_details" VALUES(32,'..\..\..\..\windows\win.ini','{"status": "decoy", "hint": "fake-record", "token": "fx-85470"}','LFI',57,1,77,82.0,'Monitored');
INSERT INTO "attack_details" VALUES(34,'"><svg/onload=confirm(1)>','{"status": "decoy", "hint": "fake-record", "token": "fx-75483"}','XSS',90,6,35,461.0,'Sandboxed');
INSERT INTO "attack_details" VALUES(37,'admin'' UNION SELECT * FROM users --','{"status": "decoy", "hint": "fake-record", "token": "fx-33665"}','SQLi',95,2,70,217.0,'Sandboxed');
INSERT INTO "attack_details" VALUES(42,'; cat /etc/passwd','{"status": "decoy", "hint": "fake-record", "token": "fx-29409"}','CMD Injection',60,5,62,556.0,'Blocked');
INSERT INTO "attack_details" VALUES(46,'1; DROP TABLE users; --','{"status": "decoy", "hint": "fake-record", "token": "fx-94168"}','SQLi',91,6,82,386.0,'Blocked');
INSERT INTO "attack_details" VALUES(50,'&& whoami','{"status": "decoy", "hint": "fake-record", "token": "fx-62804"}','CMD Injection',92,3,24,111.0,'Monitored');
INSERT INTO "attack_details" VALUES(56,'..\..\..\..\windows\win.ini','{"status": "decoy", "hint": "fake-record", "token": "fx-69026"}','LFI',90,2,95,57.0,'Sandboxed');
INSERT INTO "attack_details" VALUES(57,'"><svg/onload=confirm(1)>','{"status": "decoy", "hint": "fake-record", "token": "fx-31065"}','XSS',71,1,89,503.0,'Sandboxed');
INSERT INTO "attack_details" VALUES(59,'1; DROP TABLE users; --','{"status": "decoy", "hint": "fake-record", "token": "fx-36888"}','SQLi',87,6,82,23.0,'Monitored');
INSERT INTO "attack_details" VALUES(60,'../../../../etc/passwd','{"status": "decoy", "hint": "fake-record", "token": "fx-97993"}','LFI',55,1,38,263.0,'Monitored');
INSERT INTO "attack_details" VALUES(61,''' OR 1=1 --','{"status": "decoy", "hint": "fake-record", "token": "fx-13669"}','SQLi',82,2,35,443.0,'Monitored');
INSERT INTO "attack_details" VALUES(65,'"><svg/onload=confirm(1)>','{"status": "decoy", "hint": "fake-record", "token": "fx-26866"}','XSS',74,2,86,515.0,'Blocked');
INSERT INTO "attack_details" VALUES(69,'../../../../etc/passwd','{"status": "decoy", "hint": "fake-record", "token": "fx-23966"}','LFI',65,5,53,429.0,'Monitored');
INSERT INTO "attack_details" VALUES(71,'| powershell -c Get-Process','{"status": "decoy", "hint": "fake-record", "token": "fx-52165"}','CMD Injection',63,4,52,583.0,'Sandboxed');
INSERT INTO "attack_details" VALUES(74,'&& whoami','{"status": "decoy", "hint": "fake-record", "token": "fx-14188"}','CMD Injection',93,1,26,24.0,'Blocked');
INSERT INTO "attack_details" VALUES(77,'..\..\..\..\windows\win.ini','{"status": "decoy", "hint": "fake-record", "token": "fx-10609"}','LFI',77,1,67,282.0,'Monitored');
INSERT INTO "attack_details" VALUES(78,'../../../../etc/passwd','{"status": "decoy", "hint": "fake-record", "token": "fx-64151"}','LFI',60,4,78,253.0,'Monitored');
INSERT INTO "attack_details" VALUES(79,'admin'' UNION SELECT * FROM users --','{"status": "decoy", "hint": "fake-record", "token": "fx-65352"}','SQLi',73,6,67,242.0,'Monitored');
INSERT INTO "attack_details" VALUES(84,'"><svg/onload=confirm(1)>','{"status": "decoy", "hint": "fake-record", "token": "fx-11813"}','XSS',91,6,62,279.0,'Sandboxed');
INSERT INTO "attack_details" VALUES(86,'<img src=x onerror=alert(1)>','{"status": "decoy", "hint": "fake-record", "token": "fx-23336"}','XSS',90,5,70,239.0,'Blocked');
INSERT INTO "attack_details" VALUES(87,''' OR 1=1 --','{"status": "decoy", "hint": "fake-record", "token": "fx-80870"}','SQLi',78,6,26,490.0,'Blocked');
INSERT INTO "attack_details" VALUES(90,'..\..\..\..\windows\win.ini','{"status": "decoy", "hint": "fake-record", "token": "fx-57553"}','LFI',82,5,55,370.0,'Blocked');
INSERT INTO "attack_details" VALUES(91,'<img src=x onerror=alert(1)>','{"status": "decoy", "hint": "fake-record", "token": "fx-31876"}','XSS',56,6,30,44.0,'Blocked');
INSERT INTO "attack_details" VALUES(92,'1; DROP TABLE users; --','{"status": "decoy", "hint": "fake-record", "token": "fx-11245"}','SQLi',67,2,21,574.0,'Blocked');
INSERT INTO "attack_details" VALUES(98,'"><svg/onload=confirm(1)>','{"status": "decoy", "hint": "fake-record", "token": "fx-34887"}','XSS',75,2,28,377.0,'Monitored');
INSERT INTO "attack_details" VALUES(102,'../../../../etc/passwd','{"status": "decoy", "hint": "fake-record", "token": "fx-35088"}','LFI',96,3,92,391.0,'Monitored');
INSERT INTO "attack_details" VALUES(103,'; cat /etc/passwd','{"status": "decoy", "hint": "fake-record", "token": "fx-49057"}','CMD Injection',67,1,34,567.0,'Blocked');
INSERT INTO "attack_details" VALUES(109,''' OR 1=1 --','{"status": "decoy", "hint": "fake-record", "token": "fx-82667"}','SQLi',90,5,77,198.0,'Sandboxed');
INSERT INTO "attack_details" VALUES(110,''' OR 1=1 --','{"status": "decoy", "hint": "fake-record", "token": "fx-78507"}','SQLi',58,6,56,219.0,'Sandboxed');
INSERT INTO "attack_details" VALUES(111,'1; DROP TABLE users; --','{"status": "decoy", "hint": "fake-record", "token": "fx-92063"}','SQLi',88,3,34,451.0,'Sandboxed');
INSERT INTO "attack_details" VALUES(112,'<script>alert(1)</script>','{"status": "decoy", "hint": "fake-record", "token": "fx-85860"}','XSS',90,1,61,196.0,'Sandboxed');
INSERT INTO "attack_details" VALUES(117,'admin'' UNION SELECT * FROM users --','{"status": "decoy", "hint": "fake-record", "token": "fx-55935"}','SQLi',55,5,46,465.0,'Blocked');
INSERT INTO "attack_details" VALUES(119,'admin'' UNION SELECT * FROM users --','{"status": "decoy", "hint": "fake-record", "token": "fx-85552"}','SQLi',78,4,44,571.0,'Blocked');
INSERT INTO "attack_details" VALUES(124,'1; DROP TABLE users; --','{"status": "decoy", "hint": "fake-record", "token": "fx-26190"}','SQLi',56,4,91,136.0,'Sandboxed');
INSERT INTO "attack_details" VALUES(126,'| powershell -c Get-Process','{"status": "decoy", "hint": "fake-record", "token": "fx-75547"}','CMD Injection',55,4,76,242.0,'Sandboxed');
INSERT INTO "attack_details" VALUES(129,'admin'' UNION SELECT * FROM users --','{"status": "decoy", "hint": "fake-record", "token": "fx-53104"}','SQLi',88,6,85,493.0,'Sandboxed');
INSERT INTO "attack_details" VALUES(135,'<img src=x onerror=alert(1)>','{"status": "decoy", "hint": "fake-record", "token": "fx-18391"}','XSS',67,3,91,526.0,'Monitored');
INSERT INTO "attack_details" VALUES(137,'&& whoami','{"status": "decoy", "hint": "fake-record", "token": "fx-59503"}','CMD Injection',91,5,67,115.0,'Sandboxed');
INSERT INTO "attack_details" VALUES(138,'../../../../etc/passwd','{"status": "decoy", "hint": "fake-record", "token": "fx-16766"}','LFI',55,3,36,124.0,'Monitored');
INSERT INTO "attack_details" VALUES(142,'..\..\..\..\windows\win.ini','{"status": "decoy", "hint": "fake-record", "token": "fx-55459"}','LFI',76,4,25,492.0,'Blocked');
INSERT INTO "attack_details" VALUES(143,'&& whoami','{"status": "decoy", "hint": "fake-record", "token": "fx-39402"}','CMD Injection',66,4,88,588.0,'Sandboxed');
INSERT INTO "attack_details" VALUES(144,'| powershell -c Get-Process','{"status": "decoy", "hint": "fake-record", "token": "fx-42266"}','CMD Injection',89,5,84,211.0,'Monitored');
INSERT INTO "attack_details" VALUES(148,'; cat /etc/passwd','{"status": "decoy", "hint": "fake-record", "token": "fx-80207"}','CMD Injection',67,2,92,151.0,'Monitored');
INSERT INTO "attack_details" VALUES(149,'..\..\..\..\windows\win.ini','{"status": "decoy", "hint": "fake-record", "token": "fx-50814"}','LFI',71,6,36,318.0,'Sandboxed');
INSERT INTO "attack_details" VALUES(150,'1; DROP TABLE users; --','{"status": "decoy", "hint": "fake-record", "token": "fx-15846"}','SQLi',71,4,39,292.0,'Monitored');
INSERT INTO "attack_details" VALUES(152,'"><svg/onload=confirm(1)>','{"status": "decoy", "hint": "fake-record", "token": "fx-13539"}','XSS',86,3,92,507.0,'Sandboxed');
INSERT INTO "attack_details" VALUES(163,'"><svg/onload=confirm(1)>','{"status": "decoy", "hint": "fake-record", "token": "fx-94121"}','XSS',63,2,91,411.0,'Monitored');
INSERT INTO "attack_details" VALUES(166,'..\..\..\..\windows\win.ini','{"status": "decoy", "hint": "fake-record", "token": "fx-53188"}','LFI',76,1,56,446.0,'Blocked');
INSERT INTO "attack_details" VALUES(176,'..\..\..\..\windows\win.ini','{"status": "decoy", "hint": "fake-record", "token": "fx-11232"}','LFI',81,1,39,177.0,'Blocked');
INSERT INTO "attack_details" VALUES(179,'; cat /etc/passwd','{"status": "decoy", "hint": "fake-record", "token": "fx-92050"}','CMD Injection',73,1,90,136.0,'Sandboxed');
CREATE TABLE clients (
        id INTEGER PRIMARY KEY AUTOINCREMENT,
        ip TEXT UNIQUE NOT NULL,
        polluted_status INTEGER DEFAULT 0
    );
INSERT INTO "clients" VALUES(1,'10.20.0.10',0);
INSERT INTO "clients" VALUES(2,'10.20.1.11',0);
INSERT INTO "clients" VALUES(3,'10.20.2.12',0);
INSERT INTO "clients" VALUES(4,'10.20.3.13',0);
INSERT INTO "clients" VALUES(5,'10.20.4.14',0);
INSERT INTO "clients" VALUES(6,'10.20.5.15',0);
INSERT INTO "clients" VALUES(7,'10.20.6.16',0);
INSERT INTO "clients" VALUES(8,'10.20.7.17',0);
INSERT INTO "clients" VALUES(9,'10.20.0.18',0);
INSERT INTO "clients" VALUES(10,'10.20.1.19',0);
INSERT INTO "clients" VALUES(11,'10.20.2.20',0);
INSERT INTO "clients" VALUES(12,'10.20.3.21',0);
INSERT INTO "clients" VALUES(13,'10.20.4.22',0);
INSERT INTO "clients" VALUES(14,'10.20.5.23',0);
INSERT INTO "clients" VALUES(15,'10.20.6.24',0);
INSERT INTO "clients" VALUES(16,'10.20.7.25',0);
INSERT INTO "clients" VALUES(17,'10.20.0.26',0);
INSERT INTO "clients" VALUES(18,'10.20.1.27',0);
INSERT INTO "clients" VALUES(19,'10.20.2.28',1);
INSERT INTO "clients" VALUES(20,'10.20.3.29',0);
INSERT INTO "clients" VALUES(21,'10.20.4.30',0);
INSERT INTO "clients" VALUES(22,'10.20.5.31',0);
INSERT INTO "clients" VALUES(23,'10.20.6.32',0);
INSERT INTO "clients" VALUES(24,'10.20.7.33',1);
INSERT INTO "clients" VALUES(25,'10.20.0.34',0);
INSERT INTO "clients" VALUES(26,'10.20.1.35',0);
INSERT INTO "clients" VALUES(27,'10.20.2.36',1);
INSERT INTO "clients" VALUES(28,'10.20.3.37',0);
INSERT INTO "clients" VALUES(29,'10.20.4.38',0);
INSERT INTO "clients" VALUES(30,'10.20.5.39',0);
INSERT INTO "clients" VALUES(31,'10.20.6.40',0);
INSERT INTO "clients" VALUES(32,'10.20.7.41',0);
INSERT INTO "clients" VALUES(33,'10.20.0.42',0);
INSERT INTO "clients" VALUES(34,'10.20.1.43',0);
INSERT INTO "clients" VALUES(35,'10.20.2.44',0);
INSERT INTO "clients" VALUES(36,'10.20.3.45',0);
INSERT INTO "clients" VALUES(37,'10.20.4.46',0);
INSERT INTO "clients" VALUES(38,'10.20.5.47',0);
INSERT INTO "clients" VALUES(39,'10.20.6.48',0);
INSERT INTO "clients" VALUES(40,'10.20.7.49',0);
CREATE TABLE fingerprints (
        id INTEGER PRIMARY KEY AUTOINCREMENT,
        user_agent TEXT,
        tls_fingerprint TEXT,
        UNIQUE(user_agent, tls_fingerprint)
    );
INSERT INTO "fingerprints" VALUES(1,'sqlmap/1.8.1','tls-323650');
INSERT INTO "fingerprints" VALUES(2,'sqlmap/1.8.1','tls-430475');
INSERT INTO "fingerprints" VALUES(3,'python-httpx/0.27.0','tls-634529');
INSERT INTO "fingerprints" VALUES(4,'Mozilla/5.0 (Windows NT 10.0; Win64; x64) AppleWebKit/537.36 Chrome/122.0.0.0 Safari/537.36','tls-978563');
INSERT INTO "fingerprints" VALUES(5,'sqlmap/1.8.1','tls-316442');
INSERT INTO "fingerprints" VALUES(6,'curl/8.6.0','tls-747952');
INSERT INTO "fingerprints" VALUES(7,'python-httpx/0.27.0','tls-781296');
INSERT INTO "fingerprints" VALUES(8,'Mozilla/5.0 (Macintosh; Intel Mac OS X 13_6) AppleWebKit/605.1.15 Version/17.0 Safari/605.1.15','tls-326148');
INSERT INTO "fingerprints" VALUES(9,'Mozilla/5.0 (Macintosh; Intel Mac OS X 13_6) AppleWebKit/605.1.15 Version/17.0 Safari/605.1.15','tls-512272');
INSERT INTO "fingerprints" VALUES(10,'Mozilla/5.0 (Macintosh; Intel Mac OS X 13_6) AppleWebKit/605.1.15 Version/17.0 Safari/605.1.15','tls-848323');
INSERT INTO "fingerprints" VALUES(11,'curl/8.6.0','tls-401839');
INSERT INTO "fingerprints" VALUES(12,'Mozilla/5.0 (Windows NT 10.0; Win64; x64) AppleWebKit/537.36 Chrome/122.0.0.0 Safari/537.36','tls-419229');
INSERT INTO "fingerprints" VALUES(13,'Mozilla/5.0 (Macintosh; Intel Mac OS X 13_6) AppleWebKit/605.1.15 Version/17.0 Safari/605.1.15','tls-125031');
INSERT INTO "fingerprints" VALUES(14,'Mozilla/5.0 (Macintosh; Intel Mac OS X 13_6) AppleWebKit/605.1.15 Version/17.0 Safari/605.1.15','tls-190973');
INSERT INTO "fingerprints" VALUES(15,'Mozilla/5.0 (Macintosh; Intel Mac OS X 13_6) AppleWebKit/605.1.15 Version/17.0 Safari/605.1.15','tls-198560');
INSERT INTO "fingerprints" VALUES(16,'Mozilla/5.0 (Macintosh; Intel Mac OS X 13_6) AppleWebKit/605.1.15 Version/17.0 Safari/605.1.15','tls-543449');
INSERT INTO "fingerprints" VALUES(17,'Mozilla/5.0 (Windows NT 10.0; Win64; x64) AppleWebKit/537.36 Chrome/122.0.0.0 Safari/537.36','tls-615831');
INSERT INTO "fingerprints" VALUES(18,'sqlmap/1.8.1','tls-851479');
INSERT INTO "fingerprints" VALUES(19,'python-httpx/0.27.0','tls-595448');
INSERT INTO "fingerprints" VALUES(20,'python-httpx/0.27.0','tls-564560');
INSERT INTO "fingerprints" VALUES(21,'python-httpx/0.27.0','tls-825487');
INSERT INTO "fingerprints" VALUES(22,'python-httpx/0.27.0','tls-915110');
INSERT INTO "fingerprints" VALUES(23,'curl/8.6.0','tls-605643');
INSERT INTO "fingerprints" VALUES(24,'sqlmap/1.8.1','tls-818905');
INSERT INTO "fingerprints" VALUES(25,'python-httpx/0.27.0','tls-724206');
INSERT INTO "fingerprints" VALUES(26,'curl/8.6.0','tls-864606');
INSERT INTO "fingerprints" VALUES(27,'Mozilla/5.0 (Windows NT 10.0; Win64; x64) AppleWebKit/537.36 Chrome/122.0.0.0 Safari/537.36','tls-585609');
INSERT INTO "fingerprints" VALUES(28,'curl/8.6.0','tls-315326');
INSERT INTO "fingerprints" VALUES(29,'curl/8.6.0','tls-313464');
INSERT INTO "fingerprints" VALUES(30,'python-httpx/0.27.0','tls-852168');
INSERT INTO "fingerprints" VALUES(31,'sqlmap/1.8.1','tls-142901');
INSERT INTO "fingerprints" VALUES(32,'curl/8.6.0','tls-852504');
INSERT INTO "fingerprints" VALUES(33,'python-httpx/0.27.0','tls-277109');
INSERT INTO "fingerprints" VALUES(34,'sqlmap/1.8.1','tls-742665');
INSERT INTO "fingerprints" VALUES(35,'curl/8.6.0','tls-335796');
INSERT INTO "fingerprints" VALUES(36,'sqlmap/1.8.1','tls-890685');
INSERT INTO "fingerprints" VALUES(37,'Mozilla/5.0 (Windows NT 10.0; Win64; x64) AppleWebKit/537.36 Chrome/122.0.0.0 Safari/537.36','tls-728775');
INSERT INTO "fingerprints" VALUES(38,'sqlmap/1.8.1','tls-994798');
INSERT INTO "fingerprints" VALUES(39,'curl/8.6.0','tls-247045');
INSERT INTO "fingerprints" VALUES(40,'Mozilla/5.0 (Macintosh; Intel Mac OS X 13_6) AppleWebKit/605.1.15 Version/17.0 Safari/605.1.15','tls-954243');
INSERT INTO "fingerprints" VALUES(41,'Mozilla/5.0 (Windows NT 10.0; Win64; x64) AppleWebKit/537.36 Chrome/122.0.0.0 Safari/537.36','tls-844148');
INSERT INTO "fingerprints" VALUES(42,'Mozilla/5.0 (Macintosh; Intel Mac OS X 13_6) AppleWebKit/605.1.15 Version/17.0 Safari/605.1.15','tls-815293');
INSERT INTO "fingerprints" VALUES(43,'Mozilla/5.0 (Windows NT 10.0; Win64; x64) AppleWebKit/537.36 Chrome/122.0.0.0 Safari/537.36','tls-223358');
INSERT INTO "fingerprints" VALUES(44,'sqlmap/1.8.1','tls-168216');
INSERT INTO "fingerprints" VALUES(45,'Mozilla/5.0 (Macintosh; Intel Mac OS X 13_6) AppleWebKit/605.1.15 Version/17.0 Safari/605.1.15','tls-552213');
INSERT INTO "fingerprints" VALUES(46,'curl/8.6.0','tls-174380');
INSERT INTO "fingerprints" VALUES(47,'python-httpx/0.27.0','tls-737243');
INSERT INTO "fingerprints" VALUES(48,'python-httpx/0.27.0','tls-134772');
INSERT INTO "fingerprints" VALUES(49,'Mozilla/5.0 (Windows NT 10.0; Win64; x64) AppleWebKit/537.36 Chrome/122.0.0.0 Safari/537.36','tls-364476');
INSERT INTO "fingerprints" VALUES(50,'python-httpx/0.27.0','tls-970739');
INSERT INTO "fingerprints" VALUES(51,'Mozilla/5.0 (Macintosh; Intel Mac OS X 13_6) AppleWebKit/605.1.15 Version/17.0 Safari/605.1.15','tls-389595');
INSERT INTO "fingerprints" VALUES(52,'Mozilla/5.0 (Macintosh; Intel Mac OS X 13_6) AppleWebKit/605.1.15 Version/17.0 Safari/605.1.15','tls-173690');
INSERT INTO "fingerprints" VALUES(53,'Mozilla/5.0 (Macintosh; Intel Mac OS X 13_6) AppleWebKit/605.1.15 Version/17.0 Safari/605.1.15','tls-907980');
INSERT INTO "fingerprints" VALUES(54,'sqlmap/1.8.1','tls-105661');
INSERT INTO "fingerprints" VALUES(55,'python-httpx/0.27.0','tls-837768');
INSERT INTO "fingerprints" VALUES(56,'Mozilla/5.0 (Macintosh; Intel Mac OS X 13_6) AppleWebKit/605.1.15 Version/17.0 Safari/605.1.15','tls-249633');
INSERT INTO "fingerprints" VALUES(57,'Mozilla/5.0 (Windows NT 10.0; Win64; x64) AppleWebKit/537.36 Chrome/122.0.0.0 Safari/537.36','tls-303134');
INSERT INTO "fingerprints" VALUES(58,'sqlmap/1.8.1','tls-627216');
INSERT INTO "fingerprints" VALUES(59,'Mozilla/5.0 (Macintosh; Intel Mac OS X 13_6) AppleWebKit/605.1.15 Version/17.0 Safari/605.1.15','tls-587033');
INSERT INTO "fingerprints" VALUES(60,'Mozilla/5.0 (Macintosh; Intel Mac OS X 13_6) AppleWebKit/605.1.15 Version/17.0 Safari/605.1.15','tls-244108');
INSERT INTO "fingerprints" VALUES(61,'curl/8.6.0','tls-537264');
INSERT INTO "fingerprints" VALUES(62,'curl/8.6.0','tls-591588');
INSERT INTO "fingerprints" VALUES(63,'Mozilla/5.0 (Macintosh; Intel Mac OS X 13_6) AppleWebKit/605.1.15 Version/17.0 Safari/605.1.15','tls-573944');
INSERT INTO "fingerprints" VALUES(64,'sqlmap/1.8.1','tls-308190');
INSERT INTO "fingerprints" VALUES(65,'Mozilla/5.0 (Windows NT 10.0; Win64; x64) AppleWebKit/537.36 Chrome/122.0.0.0 Safari/537.36','tls-761742');
INSERT INTO "fingerprints" VALUES(66,'curl/8.6.0','tls-634648');
INSERT INTO "fingerprints" VALUES(67,'Mozilla/5.0 (Macintosh; Intel Mac OS X 13_6) AppleWebKit/605.1.15 Version/17.0 Safari/605.1.15','tls-213735');
INSERT INTO "fingerprints" VALUES(68,'sqlmap/1.8.1','tls-822936');
INSERT INTO "fingerprints" VALUES(69,'python-httpx/0.27.0','tls-936445');
INSERT INTO "fingerprints" VALUES(70,'Mozilla/5.0 (Macintosh; Intel Mac OS X 13_6) AppleWebKit/605.1.15 Version/17.0 Safari/605.1.15','tls-596305');
INSERT INTO "fingerprints" VALUES(71,'Mozilla/5.0 (Macintosh; Intel Mac OS X 13_6) AppleWebKit/605.1.15 Version/17.0 Safari/605.1.15','tls-992964');
INSERT INTO "fingerprints" VALUES(72,'python-httpx/0.27.0','tls-932081');
INSERT INTO "fingerprints" VALUES(73,'Mozilla/5.0 (Macintosh; Intel Mac OS X 13_6) AppleWebKit/605.1.15 Version/17.0 Safari/605.1.15','tls-347673');
INSERT INTO "fingerprints" VALUES(74,'Mozilla/5.0 (Macintosh; Intel Mac OS X 13_6) AppleWebKit/605.1.15 Version/17.0 Safari/605.1.15','tls-710488');
INSERT INTO "fingerprints" VALUES(75,'sqlmap/1.8.1','tls-520199');
INSERT INTO "fingerprints" VALUES(76,'curl/8.6.0','tls-757819');
INSERT INTO "fingerprints" VALUES(77,'curl/8.6.0','tls-514728');
INSERT INTO "fingerprints" VALUES(78,'curl/8.6.0','tls-551096');
INSERT INTO "fingerprints" VALUES(79,'sqlmap/1.8.1','tls-351108');
INSERT INTO "fingerprints" VALUES(80,'Mozilla/5.0 (Windows NT 10.0; Win64; x64) AppleWebKit/537.36 Chrome/122.0.0.0 Safari/537.36','tls-548981');
INSERT INTO "fingerprints" VALUES(81,'Mozilla/5.0 (Windows NT 10.0; Win64; x64) AppleWebKit/537.36 Chrome/122.0.0.0 Safari/537.36','tls-545379');
INSERT INTO "fingerprints" VALUES(82,'sqlmap/1.8.1','tls-644286');
INSERT INTO "fingerprints" VALUES(83,'python-httpx/0.27.0','tls-130801');
INSERT INTO "fingerprints" VALUES(84,'curl/8.6.0','tls-543893');
INSERT INTO "fingerprints" VALUES(85,'python-httpx/0.27.0','tls-883586');
INSERT INTO "fingerprints" VALUES(86,'Mozilla/5.0 (Macintosh; Intel Mac OS X 13_6) AppleWebKit/605.1.15 Version/17.0 Safari/605.1.15','tls-819041');
INSERT INTO "fingerprints" VALUES(87,'Mozilla/5.0 (Macintosh; Intel Mac OS X 13_6) AppleWebKit/605.1.15 Version/17.0 Safari/605.1.15','tls-481853');
INSERT INTO "fingerprints" VALUES(88,'Mozilla/5.0 (Windows NT 10.0; Win64; x64) AppleWebKit/537.36 Chrome/122.0.0.0 Safari/537.36','tls-559362');
INSERT INTO "fingerprints" VALUES(89,'curl/8.6.0','tls-290016');
INSERT INTO "fingerprints" VALUES(90,'python-httpx/0.27.0','tls-141627');
INSERT INTO "fingerprints" VALUES(91,'Mozilla/5.0 (Windows NT 10.0; Win64; x64) AppleWebKit/537.36 Chrome/122.0.0.0 Safari/537.36','tls-395447');
INSERT INTO "fingerprints" VALUES(92,'Mozilla/5.0 (Macintosh; Intel Mac OS X 13_6) AppleWebKit/605.1.15 Version/17.0 Safari/605.1.15','tls-401367');
INSERT INTO "fingerprints" VALUES(93,'curl/8.6.0','tls-546665');
INSERT INTO "fingerprints" VALUES(94,'sqlmap/1.8.1','tls-427638');
INSERT INTO "fingerprints" VALUES(95,'curl/8.6.0','tls-448046');
INSERT INTO "fingerprints" VALUES(96,'Mozilla/5.0 (Macintosh; Intel Mac OS X 13_6) AppleWebKit/605.1.15 Version/17.0 Safari/605.1.15','tls-221809');
INSERT INTO "fingerprints" VALUES(97,'python-httpx/0.27.0','tls-565338');
INSERT INTO "fingerprints" VALUES(98,'Mozilla/5.0 (Windows NT 10.0; Win64; x64) AppleWebKit/537.36 Chrome/122.0.0.0 Safari/537.36','tls-698716');
INSERT INTO "fingerprints" VALUES(99,'curl/8.6.0','tls-133858');
INSERT INTO "fingerprints" VALUES(100,'curl/8.6.0','tls-522062');
INSERT INTO "fingerprints" VALUES(101,'curl/8.6.0','tls-661133');
INSERT INTO "fingerprints" VALUES(102,'Mozilla/5.0 (Windows NT 10.0; Win64; x64) AppleWebKit/537.36 Chrome/122.0.0.0 Safari/537.36','tls-833762');
INSERT INTO "fingerprints" VALUES(103,'Mozilla/5.0 (Macintosh; Intel Mac OS X 13_6) AppleWebKit/605.1.15 Version/17.0 Safari/605.1.15','tls-194649');
INSERT INTO "fingerprints" VALUES(104,'Mozilla/5.0 (Macintosh; Intel Mac OS X 13_6) AppleWebKit/605.1.15 Version/17.0 Safari/605.1.15','tls-713862');
INSERT INTO "fingerprints" VALUES(105,'Mozilla/5.0 (Macintosh; Intel Mac OS X 13_6) AppleWebKit/605.1.15 Version/17.0 Safari/605.1.15','tls-966205');
INSERT INTO "fingerprints" VALUES(106,'curl/8.6.0','tls-671391');
INSERT INTO "fingerprints" VALUES(107,'sqlmap/1.8.1','tls-563376');
INSERT INTO "fingerprints" VALUES(108,'python-httpx/0.27.0','tls-947205');
INSERT INTO "fingerprints" VALUES(109,'Mozilla/5.0 (Macintosh; Intel Mac OS X 13_6) AppleWebKit/605.1.15 Version/17.0 Safari/605.1.15','tls-664098');
INSERT INTO "fingerprints" VALUES(110,'curl/8.6.0','tls-203452');
INSERT INTO "fingerprints" VALUES(111,'python-httpx/0.27.0','tls-891733');
INSERT INTO "fingerprints" VALUES(112,'Mozilla/5.0 (Macintosh; Intel Mac OS X 13_6) AppleWebKit/605.1.15 Version/17.0 Safari/605.1.15','tls-933513');
INSERT INTO "fingerprints" VALUES(113,'Mozilla/5.0 (Windows NT 10.0; Win64; x64) AppleWebKit/537.36 Chrome/122.0.0.0 Safari/537.36','tls-414189');
INSERT INTO "fingerprints" VALUES(114,'python-httpx/0.27.0','tls-227162');
INSERT INTO "fingerprints" VALUES(115,'Mozilla/5.0 (Macintosh; Intel Mac OS X 13_6) AppleWebKit/605.1.15 Version/17.0 Safari/605.1.15','tls-211454');
INSERT INTO "fingerprints" VALUES(116,'python-httpx/0.27.0','tls-206977');
INSERT INTO "fingerprints" VALUES(117,'Mozilla/5.0 (Macintosh; Intel Mac OS X 13_6) AppleWebKit/605.1.15 Version/17.0 Safari/605.1.15','tls-685089');
INSERT INTO "fingerprints" VALUES(118,'Mozilla/5.0 (Macintosh; Intel Mac OS X 13_6) AppleWebKit/605.1.15 Version/17.0 Safari/605.1.15','tls-936821');
INSERT INTO "fingerprints" VALUES(119,'curl/8.6.0','tls-647873');
INSERT INTO "fingerprints" VALUES(120,'Mozilla/5.0 (Windows NT 10.0; Win64; x64) AppleWebKit/537.36 Chrome/122.0.0.0 Safari/537.36','tls-976428');
INSERT INTO "fingerprints" VALUES(121,'curl/8.6.0','tls-883347');
INSERT INTO "fingerprints" VALUES(122,'python-httpx/0.27.0','tls-152228');
INSERT INTO "fingerprints" VALUES(123,'curl/8.6.0','tls-826711');
INSERT INTO "fingerprints" VALUES(124,'curl/8.6.0','tls-519159');
INSERT INTO "fingerprints" VALUES(125,'Mozilla/5.0 (Macintosh; Intel Mac OS X 13_6) AppleWebKit/605.1.15 Version/17.0 Safari/605.1.15','tls-276652');
INSERT INTO "fingerprints" VALUES(126,'python-httpx/0.27.0','tls-905049');
INSERT INTO "fingerprints" VALUES(127,'Mozilla/5.0 (Windows NT 10.0; Win64; x64) AppleWebKit/537.36 Chrome/122.0.0.0 Safari/537.36','tls-963452');
INSERT INTO "fingerprints" VALUES(128,'Mozilla/5.0 (Windows NT 10.0; Win64; x64) AppleWebKit/537.36 Chrome/122.0.0.0 Safari/537.36','tls-734600');
INSERT INTO "fingerprints" VALUES(129,'sqlmap/1.8.1','tls-854076');
INSERT INTO "fingerprints" VALUES(130,'Mozilla/5.0 (Windows NT 10.0; Win64; x64) AppleWebKit/537.36 Chrome/122.0.0.0 Safari/537.36','tls-647308');
INSERT INTO "fingerprints" VALUES(131,'python-httpx/0.27.0','tls-375452');
INSERT INTO "fingerprints" VALUES(132,'Mozilla/5.0 (Macintosh; Intel Mac OS X 13_6) AppleWebKit/605.1.15 Version/17.0 Safari/605.1.15','tls-196458');
INSERT INTO "fingerprints" VALUES(133,'Mozilla/5.0 (Windows NT 10.0; Win64; x64) AppleWebKit/537.36 Chrome/122.0.0.0 Safari/537.36','tls-418527');
INSERT INTO "fingerprints" VALUES(134,'sqlmap/1.8.1','tls-653903');
INSERT INTO "fingerprints" VALUES(135,'python-httpx/0.27.0','tls-853346');
INSERT INTO "fingerprints" VALUES(136,'python-httpx/0.27.0','tls-401170');
INSERT INTO "fingerprints" VALUES(137,'Mozilla/5.0 (Windows NT 10.0; Win64; x64) AppleWebKit/537.36 Chrome/122.0.0.0 Safari/537.36','tls-408926');
INSERT INTO "fingerprints" VALUES(138,'python-httpx/0.27.0','tls-243248');
INSERT INTO "fingerprints" VALUES(139,'curl/8.6.0','tls-332622');
INSERT INTO "fingerprints" VALUES(140,'Mozilla/5.0 (Macintosh; Intel Mac OS X 13_6) AppleWebKit/605.1.15 Version/17.0 Safari/605.1.15','tls-232833');
INSERT INTO "fingerprints" VALUES(141,'Mozilla/5.0 (Windows NT 10.0; Win64; x64) AppleWebKit/537.36 Chrome/122.0.0.0 Safari/537.36','tls-176502');
INSERT INTO "fingerprints" VALUES(142,'python-httpx/0.27.0','tls-731830');
INSERT INTO "fingerprints" VALUES(143,'curl/8.6.0','tls-758759');
INSERT INTO "fingerprints" VALUES(144,'python-httpx/0.27.0','tls-191847');
INSERT INTO "fingerprints" VALUES(145,'sqlmap/1.8.1','tls-754710');
INSERT INTO "fingerprints" VALUES(146,'Mozilla/5.0 (Macintosh; Intel Mac OS X 13_6) AppleWebKit/605.1.15 Version/17.0 Safari/605.1.15','tls-536714');
INSERT INTO "fingerprints" VALUES(147,'Mozilla/5.0 (Windows NT 10.0; Win64; x64) AppleWebKit/537.36 Chrome/122.0.0.0 Safari/537.36','tls-870618');
INSERT INTO "fingerprints" VALUES(148,'Mozilla/5.0 (Windows NT 10.0; Win64; x64) AppleWebKit/537.36 Chrome/122.0.0.0 Safari/537.36','tls-194662');
INSERT INTO "fingerprints" VALUES(149,'Mozilla/5.0 (Windows NT 10.0; Win64; x64) AppleWebKit/537.36 Chrome/122.0.0.0 Safari/537.36','tls-399017');
INSERT INTO "fingerprints" VALUES(150,'Mozilla/5.0 (Windows NT 10.0; Win64; x64) AppleWebKit/537.36 Chrome/122.0.0.0 Safari/537.36','tls-695856');
INSERT INTO "fingerprints" VALUES(151,'curl/8.6.0','tls-650811');
INSERT INTO "fingerprints" VALUES(152,'Mozilla/5.0 (Macintosh; Intel Mac OS X 13_6) AppleWebKit/605.1.15 Version/17.0 Safari/605.1.15','tls-312793');
INSERT INTO "fingerprints" VALUES(153,'Mozilla/5.0 (Macintosh; Intel Mac OS X 13_6) AppleWebKit/605.1.15 Version/17.0 Safari/605.1.15','tls-530212');
INSERT INTO "fingerprints" VALUES(154,'python-httpx/0.27.0','tls-240501');
INSERT INTO "fingerprints" VALUES(155,'Mozilla/5.0 (Windows NT 10.0; Win64; x64) AppleWebKit/537.36 Chrome/122.0.0.0 Safari/537.36','tls-655905');
INSERT INTO "fingerprints" VALUES(156,'Mozilla/5.0 (Macintosh; Intel Mac OS X 13_6) AppleWebKit/605.1.15 Version/17.0 Safari/605.1.15','tls-126751');
INSERT INTO "fingerprints" VALUES(157,'sqlmap/1.8.1','tls-563312');
INSERT INTO "fingerprints" VALUES(158,'python-httpx/0.27.0','tls-436180');
INSERT INTO "fingerprints" VALUES(159,'curl/8.6.0','tls-926582');
INSERT INTO "fingerprints" VALUES(160,'sqlmap/1.8.1','tls-567515');
INSERT INTO "fingerprints" VALUES(161,'python-httpx/0.27.0','tls-806166');
INSERT INTO "fingerprints" VALUES(162,'sqlmap/1.8.1','tls-435556');
INSERT INTO "fingerprints" VALUES(163,'Mozilla/5.0 (Windows NT 10.0; Win64; x64) AppleWebKit/537.36 Chrome/122.0.0.0 Safari/537.36','tls-256011');
INSERT INTO "fingerprints" VALUES(164,'sqlmap/1.8.1','tls-328126');
INSERT INTO "fingerprints" VALUES(165,'curl/8.6.0','tls-508795');
INSERT INTO "fingerprints" VALUES(166,'Mozilla/5.0 (Windows NT 10.0; Win64; x64) AppleWebKit/537.36 Chrome/122.0.0.0 Safari/537.36','tls-969495');
INSERT INTO "fingerprints" VALUES(167,'Mozilla/5.0 (Windows NT 10.0; Win64; x64) AppleWebKit/537.36 Chrome/122.0.0.0 Safari/537.36','tls-911723');
INSERT INTO "fingerprints" VALUES(168,'sqlmap/1.8.1','tls-746472');
INSERT INTO "fingerprints" VALUES(169,'Mozilla/5.0 (Windows NT 10.0; Win64; x64) AppleWebKit/537.36 Chrome/122.0.0.0 Safari/537.36','tls-371458');
INSERT INTO "fingerprints" VALUES(170,'sqlmap/1.8.1','tls-572025');
INSERT INTO "fingerprints" VALUES(171,'sqlmap/1.8.1','tls-347318');
INSERT INTO "fingerprints" VALUES(172,'curl/8.6.0','tls-453703');
INSERT INTO "fingerprints" VALUES(173,'curl/8.6.0','tls-702690');
INSERT INTO "fingerprints" VALUES(174,'sqlmap/1.8.1','tls-767450');
INSERT INTO "fingerprints" VALUES(175,'sqlmap/1.8.1','tls-209929');
INSERT INTO "fingerprints" VALUES(176,'sqlmap/1.8.1','tls-941498');
INSERT INTO "fingerprints" VALUES(177,'python-httpx/0.27.0','tls-432443');
INSERT INTO "fingerprints" VALUES(178,'Mozilla/5.0 (Macintosh; Intel Mac OS X 13_6) AppleWebKit/605.1.15 Version/17.0 Safari/605.1.15','tls-637190');
INSERT INTO "fingerprints" VALUES(179,'python-httpx/0.27.0','tls-285376');
INSERT INTO "fingerprints" VALUES(180,'python-httpx/0.27.0','tls-679178');
CREATE TABLE traffic_logs (
        id INTEGER PRIMARY KEY AUTOINCREMENT,
        request_at TEXT NOT NULL,
        response_at TEXT,
        process_ms INTEGER,
        client_id INTEGER NOT NULL,
        fingerprint_id INTEGER,
        query_id TEXT,
        is_attack INTEGER DEFAULT 0,
        location TEXT,
        is_proxy INTEGER DEFAULT 0,
        FOREIGN KEY(client_id) REFERENCES clients(id),
        FOREIGN KEY(fingerprint_id) REFERENCES fingerprints(id)
    );
INSERT INTO "traffic_logs" VALUES(1,'2026-03-30 21:49:09.382','2026-03-30 21:49:09.554',172,1,1,'user_1000',0,'/api/v1/user',0);
INSERT INTO "traffic_logs" VALUES(2,'2026-03-30 21:49:17.382','2026-03-30 21:49:17.410',28,2,2,'user_1001',0,'/api/v1/user',0);
INSERT INTO "traffic_logs" VALUES(3,'2026-03-30 21:49:41.382','2026-03-30 21:49:41.447',65,3,3,'user_1002',0,'/api/v1/admin',0);
INSERT INTO "traffic_logs" VALUES(4,'2026-03-30 21:50:54.382','2026-03-30 21:50:54.497',115,4,4,'user_1003',0,'/api/v1/login',0);
INSERT INTO "traffic_logs" VALUES(5,'2026-03-30 21:50:29.382','2026-03-30 21:50:29.492',110,5,5,'user_1004',0,'/api/v1/orders',0);
INSERT INTO "traffic_logs" VALUES(6,'2026-03-30 21:50:39.382','2026-03-30 21:50:39.589',207,6,6,'user_1005',1,'/api/v1/search',0);
INSERT INTO "traffic_logs" VALUES(7,'2026-03-30 21:51:39.382','2026-03-30 21:51:39.477',95,7,7,'user_1006',1,'/api/v1/search',0);
INSERT INTO "traffic_logs" VALUES(8,'2026-03-30 21:52:18.382','2026-03-30 21:52:18.469',87,8,8,'user_1007',1,'/api/v1/admin',0);
INSERT INTO "traffic_logs" VALUES(9,'2026-03-30 21:53:33.382','2026-03-30 21:53:33.557',175,9,9,'user_1008',0,'/api/v1/login',0);
INSERT INTO "traffic_logs" VALUES(10,'2026-03-30 21:51:06.382','2026-03-30 21:51:06.559',177,10,10,'user_1009',0,'/api/v1/orders',0);
INSERT INTO "traffic_logs" VALUES(11,'2026-03-30 21:54:29.382','2026-03-30 21:54:29.547',165,11,11,'user_1010',0,'/api/v1/orders',0);
INSERT INTO "traffic_logs" VALUES(12,'2026-03-30 21:53:11.382','2026-03-30 21:53:11.415',33,12,12,'user_1011',0,'/api/v1/login',0);
INSERT INTO "traffic_logs" VALUES(13,'2026-03-30 21:56:33.382','2026-03-30 21:56:33.557',175,13,13,'user_1012',0,'/api/v1/login',0);
INSERT INTO "traffic_logs" VALUES(14,'2026-03-30 21:52:37.382','2026-03-30 21:52:37.435',53,14,14,'user_1013',1,'/api/v1/orders',0);
INSERT INTO "traffic_logs" VALUES(15,'2026-03-30 21:55:41.382','2026-03-30 21:55:41.621',239,15,15,'user_1014',0,'/api/v1/orders',0);
INSERT INTO "traffic_logs" VALUES(16,'2026-03-30 21:57:24.382','2026-03-30 21:57:24.405',23,16,16,'user_1015',0,'/api/v1/search',0);
INSERT INTO "traffic_logs" VALUES(17,'2026-03-30 21:56:37.382','2026-03-30 21:56:37.433',51,17,17,'user_1016',0,'/api/v1/search',0);
INSERT INTO "traffic_logs" VALUES(18,'2026-03-30 21:54:32.382','2026-03-30 21:54:32.518',136,18,18,'user_1017',0,'/api/v1/admin',0);
INSERT INTO "traffic_logs" VALUES(19,'2026-03-30 22:00:15.382','2026-03-30 22:00:15.520',138,19,19,'user_1018',0,'/api/v1/user',1);
INSERT INTO "traffic_logs" VALUES(20,'2026-03-30 21:58:58.382','2026-03-30 21:58:58.493',111,20,20,'user_1019',0,'/api/v1/search',0);
INSERT INTO "traffic_logs" VALUES(21,'2026-03-30 21:53:09.382','2026-03-30 21:53:09.551',169,21,21,'user_1020',1,'/api/v1/admin',0);
INSERT INTO "traffic_logs" VALUES(22,'2026-03-30 21:58:57.382','2026-03-30 21:58:57.566',184,22,22,'user_1021',0,'/api/v1/admin',0);
INSERT INTO "traffic_logs" VALUES(23,'2026-03-30 21:58:19.382','2026-03-30 21:58:19.446',64,23,23,'user_1022',1,'/api/v1/search',0);
INSERT INTO "traffic_logs" VALUES(24,'2026-03-30 21:55:17.382','2026-03-30 21:55:17.485',103,24,24,'user_1023',1,'/api/v1/search',1);
INSERT INTO "traffic_logs" VALUES(25,'2026-03-30 22:00:21.382','2026-03-30 22:00:21.407',25,25,25,'user_1024',1,'/api/v1/login',0);
INSERT INTO "traffic_logs" VALUES(26,'2026-03-30 21:57:29.382','2026-03-30 21:57:29.517',135,26,26,'user_1025',0,'/api/v1/search',0);
INSERT INTO "traffic_logs" VALUES(27,'2026-03-30 22:05:11.382','2026-03-30 22:05:11.562',180,27,27,'user_1026',1,'/api/v1/orders',1);
INSERT INTO "traffic_logs" VALUES(28,'2026-03-30 21:57:15.382','2026-03-30 21:57:15.577',195,28,28,'user_1027',1,'/api/v1/orders',0);
INSERT INTO "traffic_logs" VALUES(29,'2026-03-30 22:03:09.382','2026-03-30 22:03:09.546',164,29,29,'user_1028',0,'/api/v1/search',0);
INSERT INTO "traffic_logs" VALUES(30,'2026-03-30 22:06:04.382','2026-03-30 22:06:04.511',129,30,30,'user_1029',0,'/api/v1/login',0);
INSERT INTO "traffic_logs" VALUES(31,'2026-03-30 21:56:09.382','2026-03-30 21:56:09.574',192,31,31,'user_1030',0,'/api/v1/admin',0);
INSERT INTO "traffic_logs" VALUES(32,'2026-03-30 22:09:49.382','2026-03-30 22:09:49.571',189,32,32,'user_1031',1,'/api/v1/admin',0);
INSERT INTO "traffic_logs" VALUES(33,'2026-03-30 22:08:53.382','2026-03-30 22:08:53.551',169,33,33,'user_1032',0,'/api/v1/user',0);
INSERT INTO "traffic_logs" VALUES(34,'2026-03-30 22:10:03.382','2026-03-30 22:10:03.532',150,34,34,'user_1033',1,'/api/v1/login',0);
INSERT INTO "traffic_logs" VALUES(35,'2026-03-30 22:09:33.382','2026-03-30 22:09:33.396',14,35,35,'user_1034',0,'/api/v1/search',0);
INSERT INTO "traffic_logs" VALUES(36,'2026-03-30 22:08:24.382','2026-03-30 22:08:24.575',193,36,36,'user_1035',0,'/api/v1/admin',0);
INSERT INTO "traffic_logs" VALUES(37,'2026-03-30 22:11:57.382','2026-03-30 22:11:57.420',38,37,37,'user_1036',1,'/api/v1/orders',0);
INSERT INTO "traffic_logs" VALUES(38,'2026-03-30 22:10:44.382','2026-03-30 22:10:44.486',104,38,38,'user_1037',0,'/api/v1/user',0);
INSERT INTO "traffic_logs" VALUES(39,'2026-03-30 21:59:55.382','2026-03-30 21:59:55.564',182,39,39,'user_1038',0,'/api/v1/orders',0);
INSERT INTO "traffic_logs" VALUES(40,'2026-03-30 21:58:54.382','2026-03-30 21:58:54.409',27,40,40,'user_1039',0,'/api/v1/orders',0);
INSERT INTO "traffic_logs" VALUES(41,'2026-03-30 22:03:09.382','2026-03-30 22:03:09.540',158,1,41,'user_1040',0,'/api/v1/admin',0);
INSERT INTO "traffic_logs" VALUES(42,'2026-03-30 22:16:29.382','2026-03-30 22:16:29.612',230,2,42,'user_1041',1,'/api/v1/admin',1);
INSERT INTO "traffic_logs" VALUES(43,'2026-03-30 22:10:09.382','2026-03-30 22:10:09.517',135,3,43,'user_1042',0,'/api/v1/orders',0);
INSERT INTO "traffic_logs" VALUES(44,'2026-03-30 21:54:53.382','2026-03-30 21:54:53.427',45,4,44,'user_1043',0,'/api/v1/admin',0);
INSERT INTO "traffic_logs" VALUES(45,'2026-03-30 22:05:17.382','2026-03-30 22:05:17.418',36,5,45,'user_1044',0,'/api/v1/admin',0);
INSERT INTO "traffic_logs" VALUES(46,'2026-03-30 22:06:24.382','2026-03-30 22:06:24.459',77,6,46,'user_1045',1,'/api/v1/user',0);
INSERT INTO "traffic_logs" VALUES(47,'2026-03-30 21:59:53.382','2026-03-30 21:59:53.399',17,7,47,'user_1046',0,'/api/v1/search',0);
INSERT INTO "traffic_logs" VALUES(48,'2026-03-30 22:16:34.382','2026-03-30 22:16:34.410',28,8,48,'user_1047',0,'/api/v1/search',0);
INSERT INTO "traffic_logs" VALUES(49,'2026-03-30 21:55:33.382','2026-03-30 21:55:33.497',115,9,49,'user_1048',0,'/api/v1/admin',0);
INSERT INTO "traffic_logs" VALUES(50,'2026-03-30 22:03:51.382','2026-03-30 22:03:51.434',52,10,50,'user_1049',1,'/api/v1/login',0);
INSERT INTO "traffic_logs" VALUES(51,'2026-03-30 21:56:39.382','2026-03-30 21:56:39.599',217,11,51,'user_1000',0,'/api/v1/user',0);
INSERT INTO "traffic_logs" VALUES(52,'2026-03-30 22:13:48.382','2026-03-30 22:13:48.419',37,12,52,'user_1001',0,'/api/v1/admin',0);
INSERT INTO "traffic_logs" VALUES(53,'2026-03-30 22:08:13.382','2026-03-30 22:08:13.622',240,13,53,'user_1002',0,'/api/v1/login',0);
INSERT INTO "traffic_logs" VALUES(54,'2026-03-30 22:15:39.382','2026-03-30 22:15:39.416',34,14,54,'user_1003',0,'/api/v1/search',0);
INSERT INTO "traffic_logs" VALUES(55,'2026-03-30 22:09:51.382','2026-03-30 22:09:51.491',109,15,55,'user_1004',0,'/api/v1/orders',0);
INSERT INTO "traffic_logs" VALUES(56,'2026-03-30 22:08:24.382','2026-03-30 22:08:24.579',197,16,56,'user_1005',1,'/api/v1/admin',0);
INSERT INTO "traffic_logs" VALUES(57,'2026-03-30 22:02:13.382','2026-03-30 22:02:13.481',99,17,57,'user_1006',1,'/api/v1/login',0);
INSERT INTO "traffic_logs" VALUES(58,'2026-03-30 21:57:42.382','2026-03-30 21:57:42.438',56,18,58,'user_1007',0,'/api/v1/user',0);
INSERT INTO "traffic_logs" VALUES(59,'2026-03-30 22:19:07.382','2026-03-30 22:19:07.422',40,19,59,'user_1008',1,'/api/v1/admin',0);
INSERT INTO "traffic_logs" VALUES(60,'2026-03-30 22:04:53.382','2026-03-30 22:04:53.533',151,20,60,'user_1009',1,'/api/v1/admin',0);
INSERT INTO "traffic_logs" VALUES(61,'2026-03-30 22:17:09.382','2026-03-30 22:17:09.561',179,21,61,'user_1010',1,'/api/v1/user',0);
INSERT INTO "traffic_logs" VALUES(62,'2026-03-30 22:26:46.382','2026-03-30 22:26:46.468',86,22,62,'user_1011',0,'/api/v1/login',0);
INSERT INTO "traffic_logs" VALUES(63,'2026-03-30 22:07:45.382','2026-03-30 22:07:45.409',27,23,63,'user_1012',0,'/api/v1/admin',0);
INSERT INTO "traffic_logs" VALUES(64,'2026-03-30 22:17:30.382','2026-03-30 22:17:30.528',146,24,64,'user_1013',0,'/api/v1/search',0);
INSERT INTO "traffic_logs" VALUES(65,'2026-03-30 22:21:09.382','2026-03-30 22:21:09.469',87,25,65,'user_1014',1,'/api/v1/admin',0);
INSERT INTO "traffic_logs" VALUES(66,'2026-03-30 22:29:14.382','2026-03-30 22:29:14.461',79,26,66,'user_1015',0,'/api/v1/orders',0);
INSERT INTO "traffic_logs" VALUES(67,'2026-03-30 22:21:03.382','2026-03-30 22:21:03.466',84,27,67,'user_1016',0,'/api/v1/search',0);
INSERT INTO "traffic_logs" VALUES(68,'2026-03-30 22:00:19.382','2026-03-30 22:00:19.420',38,28,68,'user_1017',0,'/api/v1/login',0);
INSERT INTO "traffic_logs" VALUES(69,'2026-03-30 22:14:05.382','2026-03-30 22:14:05.483',101,29,69,'user_1018',1,'/api/v1/search',0);
INSERT INTO "traffic_logs" VALUES(70,'2026-03-30 22:08:42.382','2026-03-30 22:08:42.621',239,30,70,'user_1019',0,'/api/v1/login',0);
INSERT INTO "traffic_logs" VALUES(71,'2026-03-30 22:24:09.382','2026-03-30 22:24:09.408',26,31,71,'user_1020',1,'/api/v1/login',0);
INSERT INTO "traffic_logs" VALUES(72,'2026-03-30 22:30:34.382','2026-03-30 22:30:34.550',168,32,72,'user_1021',0,'/api/v1/user',0);
INSERT INTO "traffic_logs" VALUES(73,'2026-03-30 22:05:57.382','2026-03-30 22:05:57.456',74,33,73,'user_1022',0,'/api/v1/login',0);
INSERT INTO "traffic_logs" VALUES(74,'2026-03-30 22:35:23.382','2026-03-30 22:35:23.437',55,34,74,'user_1023',1,'/api/v1/search',0);
INSERT INTO "traffic_logs" VALUES(75,'2026-03-30 22:07:39.382','2026-03-30 22:07:39.487',105,35,75,'user_1024',0,'/api/v1/orders',0);
INSERT INTO "traffic_logs" VALUES(76,'2026-03-30 22:29:09.382','2026-03-30 22:29:09.551',169,36,76,'user_1025',0,'/api/v1/login',0);
INSERT INTO "traffic_logs" VALUES(77,'2026-03-30 22:00:33.382','2026-03-30 22:00:33.443',61,37,77,'user_1026',1,'/api/v1/admin',0);
INSERT INTO "traffic_logs" VALUES(78,'2026-03-30 22:31:30.382','2026-03-30 22:31:30.460',78,38,78,'user_1027',1,'/api/v1/admin',0);
INSERT INTO "traffic_logs" VALUES(79,'2026-03-30 22:04:45.382','2026-03-30 22:04:45.411',29,39,79,'user_1028',1,'/api/v1/admin',0);
INSERT INTO "traffic_logs" VALUES(80,'2026-03-30 22:19:26.382','2026-03-30 22:19:26.450',68,40,80,'user_1029',0,'/api/v1/search',0);
INSERT INTO "traffic_logs" VALUES(81,'2026-03-30 22:23:49.382','2026-03-30 22:23:49.394',12,1,81,'user_1030',0,'/api/v1/search',0);
INSERT INTO "traffic_logs" VALUES(82,'2026-03-30 22:33:42.382','2026-03-30 22:33:42.557',175,2,82,'user_1031',0,'/api/v1/admin',0);
INSERT INTO "traffic_logs" VALUES(83,'2026-03-30 22:28:47.382','2026-03-30 22:28:47.491',109,3,83,'user_1032',0,'/api/v1/user',0);
INSERT INTO "traffic_logs" VALUES(84,'2026-03-30 22:41:43.382','2026-03-30 22:41:43.602',220,4,84,'user_1033',1,'/api/v1/admin',0);
INSERT INTO "traffic_logs" VALUES(85,'2026-03-30 22:33:57.382','2026-03-30 22:33:57.510',128,5,85,'user_1034',0,'/api/v1/search',0);
INSERT INTO "traffic_logs" VALUES(86,'2026-03-30 22:20:19.382','2026-03-30 22:20:19.529',147,6,86,'user_1035',1,'/api/v1/admin',0);
INSERT INTO "traffic_logs" VALUES(87,'2026-03-30 22:20:41.382','2026-03-30 22:20:41.402',20,7,87,'user_1036',1,'/api/v1/login',0);
INSERT INTO "traffic_logs" VALUES(88,'2026-03-30 22:39:54.382','2026-03-30 22:39:54.555',173,8,88,'user_1037',0,'/api/v1/admin',0);
INSERT INTO "traffic_logs" VALUES(89,'2026-03-30 22:40:29.382','2026-03-30 22:40:29.545',163,9,89,'user_1038',0,'/api/v1/admin',0);
INSERT INTO "traffic_logs" VALUES(90,'2026-03-30 22:01:01.382','2026-03-30 22:01:01.580',198,10,90,'user_1039',1,'/api/v1/admin',0);
INSERT INTO "traffic_logs" VALUES(91,'2026-03-30 22:38:39.382','2026-03-30 22:38:39.550',168,11,91,'user_1040',1,'/api/v1/login',0);
INSERT INTO "traffic_logs" VALUES(92,'2026-03-30 22:31:37.382','2026-03-30 22:31:37.441',59,12,92,'user_1041',1,'/api/v1/user',0);
INSERT INTO "traffic_logs" VALUES(93,'2026-03-30 22:41:17.382','2026-03-30 22:41:17.395',13,13,93,'user_1042',0,'/api/v1/orders',0);
INSERT INTO "traffic_logs" VALUES(94,'2026-03-30 22:15:30.382','2026-03-30 22:15:30.590',208,14,94,'user_1043',0,'/api/v1/search',0);
INSERT INTO "traffic_logs" VALUES(95,'2026-03-30 22:23:37.382','2026-03-30 22:23:37.405',23,15,95,'user_1044',0,'/api/v1/orders',0);
INSERT INTO "traffic_logs" VALUES(96,'2026-03-30 22:22:24.382','2026-03-30 22:22:24.548',166,16,96,'user_1045',0,'/api/v1/login',0);
INSERT INTO "traffic_logs" VALUES(97,'2026-03-30 22:05:09.382','2026-03-30 22:05:09.612',230,17,97,'user_1046',0,'/api/v1/user',0);
INSERT INTO "traffic_logs" VALUES(98,'2026-03-30 22:37:39.382','2026-03-30 22:37:39.616',234,18,98,'user_1047',1,'/api/v1/login',1);
INSERT INTO "traffic_logs" VALUES(99,'2026-03-30 22:02:13.382','2026-03-30 22:02:13.548',166,19,99,'user_1048',0,'/api/v1/user',1);
INSERT INTO "traffic_logs" VALUES(100,'2026-03-30 22:04:00.382','2026-03-30 22:04:00.526',144,20,100,'user_1049',0,'/api/v1/admin',0);
INSERT INTO "traffic_logs" VALUES(101,'2026-03-30 22:19:09.382','2026-03-30 22:19:09.468',86,21,101,'user_1000',0,'/api/v1/login',0);
INSERT INTO "traffic_logs" VALUES(102,'2026-03-30 22:31:14.382','2026-03-30 22:31:14.492',110,22,102,'user_1001',1,'/api/v1/orders',0);
INSERT INTO "traffic_logs" VALUES(103,'2026-03-30 22:41:51.382','2026-03-30 22:41:51.483',101,23,103,'user_1002',1,'/api/v1/user',1);
INSERT INTO "traffic_logs" VALUES(104,'2026-03-30 22:02:53.382','2026-03-30 22:02:53.452',70,24,104,'user_1003',0,'/api/v1/user',0);
INSERT INTO "traffic_logs" VALUES(105,'2026-03-30 22:53:17.382','2026-03-30 22:53:17.594',212,25,105,'user_1004',0,'/api/v1/orders',0);
INSERT INTO "traffic_logs" VALUES(106,'2026-03-30 22:48:39.382','2026-03-30 22:48:39.490',108,26,106,'user_1005',0,'/api/v1/admin',0);
INSERT INTO "traffic_logs" VALUES(107,'2026-03-30 22:06:49.382','2026-03-30 22:06:49.583',201,27,107,'user_1006',0,'/api/v1/user',0);
INSERT INTO "traffic_logs" VALUES(108,'2026-03-30 22:17:41.382','2026-03-30 22:17:41.460',78,28,108,'user_1007',0,'/api/v1/search',0);
INSERT INTO "traffic_logs" VALUES(109,'2026-03-30 22:12:33.382','2026-03-30 22:12:33.583',201,29,109,'user_1008',1,'/api/v1/user',0);
INSERT INTO "traffic_logs" VALUES(110,'2026-03-30 22:07:19.382','2026-03-30 22:07:19.420',38,30,110,'user_1009',1,'/api/v1/user',0);
INSERT INTO "traffic_logs" VALUES(111,'2026-03-30 22:07:29.382','2026-03-30 22:07:29.547',165,31,111,'user_1010',1,'/api/v1/orders',0);
INSERT INTO "traffic_logs" VALUES(112,'2026-03-30 22:53:54.382','2026-03-30 22:53:54.471',89,32,112,'user_1011',1,'/api/v1/admin',0);
INSERT INTO "traffic_logs" VALUES(113,'2026-03-30 22:56:21.382','2026-03-30 22:56:21.434',52,33,113,'user_1012',0,'/api/v1/user',0);
INSERT INTO "traffic_logs" VALUES(114,'2026-03-30 22:26:49.382','2026-03-30 22:26:49.551',169,34,114,'user_1013',0,'/api/v1/orders',0);
INSERT INTO "traffic_logs" VALUES(115,'2026-03-30 23:01:21.382','2026-03-30 23:01:21.404',22,35,115,'user_1014',0,'/api/v1/admin',0);
INSERT INTO "traffic_logs" VALUES(116,'2026-03-30 23:01:59.382','2026-03-30 23:01:59.482',100,36,116,'user_1015',0,'/api/v1/login',0);
INSERT INTO "traffic_logs" VALUES(117,'2026-03-30 22:33:37.382','2026-03-30 22:33:37.447',65,37,117,'user_1016',1,'/api/v1/search',0);
INSERT INTO "traffic_logs" VALUES(118,'2026-03-30 22:14:30.382','2026-03-30 22:14:30.513',131,38,118,'user_1017',0,'/api/v1/admin',0);
INSERT INTO "traffic_logs" VALUES(119,'2026-03-30 22:57:59.382','2026-03-30 22:57:59.564',182,39,119,'user_1018',1,'/api/v1/admin',0);
INSERT INTO "traffic_logs" VALUES(120,'2026-03-30 22:28:49.382','2026-03-30 22:28:49.413',31,40,120,'user_1019',0,'/api/v1/search',1);
INSERT INTO "traffic_logs" VALUES(121,'2026-03-30 22:47:09.382','2026-03-30 22:47:09.458',76,1,121,'user_1020',0,'/api/v1/orders',0);
INSERT INTO "traffic_logs" VALUES(122,'2026-03-30 23:07:48.382','2026-03-30 23:07:48.541',159,2,122,'user_1021',0,'/api/v1/search',0);
INSERT INTO "traffic_logs" VALUES(123,'2026-03-30 22:50:09.382','2026-03-30 22:50:09.488',106,3,123,'user_1022',0,'/api/v1/search',0);
INSERT INTO "traffic_logs" VALUES(124,'2026-03-30 22:44:30.382','2026-03-30 22:44:30.430',48,4,124,'user_1023',1,'/api/v1/admin',0);
INSERT INTO "traffic_logs" VALUES(125,'2026-03-30 23:09:45.382','2026-03-30 23:09:45.527',145,5,125,'user_1024',0,'/api/v1/login',0);
INSERT INTO "traffic_logs" VALUES(126,'2026-03-30 22:34:59.382','2026-03-30 22:34:59.513',131,6,126,'user_1025',1,'/api/v1/login',0);
INSERT INTO "traffic_logs" VALUES(127,'2026-03-30 22:56:21.382','2026-03-30 22:56:21.589',207,7,127,'user_1026',0,'/api/v1/user',0);
INSERT INTO "traffic_logs" VALUES(128,'2026-03-30 22:48:25.382','2026-03-30 22:48:25.571',189,8,128,'user_1027',0,'/api/v1/user',0);
INSERT INTO "traffic_logs" VALUES(129,'2026-03-30 22:38:13.382','2026-03-30 22:38:13.401',19,9,129,'user_1028',1,'/api/v1/admin',0);
INSERT INTO "traffic_logs" VALUES(130,'2026-03-30 23:08:42.382','2026-03-30 23:08:42.420',38,10,130,'user_1029',0,'/api/v1/login',0);
INSERT INTO "traffic_logs" VALUES(131,'2026-03-30 22:51:59.382','2026-03-30 22:51:59.440',58,11,131,'user_1030',0,'/api/v1/admin',0);
INSERT INTO "traffic_logs" VALUES(132,'2026-03-30 23:12:07.382','2026-03-30 23:12:07.588',206,12,132,'user_1031',0,'/api/v1/admin',0);
INSERT INTO "traffic_logs" VALUES(133,'2026-03-30 22:37:33.382','2026-03-30 22:37:33.497',115,13,133,'user_1032',0,'/api/v1/user',0);
INSERT INTO "traffic_logs" VALUES(134,'2026-03-30 22:24:37.382','2026-03-30 22:24:37.551',169,14,134,'user_1033',0,'/api/v1/admin',1);
INSERT INTO "traffic_logs" VALUES(135,'2026-03-30 22:40:31.382','2026-03-30 22:40:31.458',76,15,135,'user_1034',1,'/api/v1/login',0);
INSERT INTO "traffic_logs" VALUES(136,'2026-03-30 22:43:09.382','2026-03-30 22:43:09.484',102,16,136,'user_1035',0,'/api/v1/admin',0);
INSERT INTO "traffic_logs" VALUES(137,'2026-03-30 22:18:37.382','2026-03-30 22:18:37.620',238,17,137,'user_1036',1,'/api/v1/search',0);
INSERT INTO "traffic_logs" VALUES(138,'2026-03-30 22:46:14.382','2026-03-30 22:46:14.554',172,18,138,'user_1037',1,'/api/v1/search',1);
INSERT INTO "traffic_logs" VALUES(139,'2026-03-30 22:16:45.382','2026-03-30 22:16:45.438',56,19,139,'user_1038',0,'/api/v1/user',0);
INSERT INTO "traffic_logs" VALUES(140,'2026-03-30 22:30:51.382','2026-03-30 22:30:51.440',58,20,140,'user_1039',0,'/api/v1/orders',0);
INSERT INTO "traffic_logs" VALUES(141,'2026-03-30 23:08:29.382','2026-03-30 23:08:29.619',237,21,141,'user_1040',0,'/api/v1/user',0);
INSERT INTO "traffic_logs" VALUES(142,'2026-03-30 23:09:03.382','2026-03-30 23:09:03.395',13,22,142,'user_1041',1,'/api/v1/user',0);
INSERT INTO "traffic_logs" VALUES(143,'2026-03-30 22:36:29.382','2026-03-30 22:36:29.591',209,23,143,'user_1042',1,'/api/v1/user',0);
INSERT INTO "traffic_logs" VALUES(144,'2026-03-30 22:29:40.382','2026-03-30 22:29:40.554',172,24,144,'user_1043',1,'/api/v1/admin',0);
INSERT INTO "traffic_logs" VALUES(145,'2026-03-30 22:17:57.382','2026-03-30 22:17:57.613',231,25,145,'user_1044',0,'/api/v1/user',1);
INSERT INTO "traffic_logs" VALUES(146,'2026-03-30 22:08:29.382','2026-03-30 22:08:29.605',223,26,146,'user_1045',0,'/api/v1/admin',0);
INSERT INTO "traffic_logs" VALUES(147,'2026-03-30 22:32:57.382','2026-03-30 22:32:57.592',210,27,147,'user_1046',0,'/api/v1/admin',0);
INSERT INTO "traffic_logs" VALUES(148,'2026-03-30 22:55:18.382','2026-03-30 22:55:18.514',132,28,148,'user_1047',1,'/api/v1/user',1);
INSERT INTO "traffic_logs" VALUES(149,'2026-03-30 23:08:05.382','2026-03-30 23:08:05.411',29,29,149,'user_1048',1,'/api/v1/admin',0);
INSERT INTO "traffic_logs" VALUES(150,'2026-03-30 22:09:01.382','2026-03-30 22:09:01.585',203,30,150,'user_1049',1,'/api/v1/user',0);
INSERT INTO "traffic_logs" VALUES(151,'2026-03-30 22:36:39.382','2026-03-30 22:36:39.420',38,31,151,'user_1000',0,'/api/v1/admin',1);
INSERT INTO "traffic_logs" VALUES(152,'2026-03-30 23:07:10.382','2026-03-30 23:07:10.586',204,32,152,'user_1001',1,'/api/v1/orders',0);
INSERT INTO "traffic_logs" VALUES(153,'2026-03-30 22:09:25.382','2026-03-30 22:09:25.556',174,33,153,'user_1002',0,'/api/v1/search',0);
INSERT INTO "traffic_logs" VALUES(154,'2026-03-30 23:18:24.382','2026-03-30 23:18:24.507',125,34,154,'user_1003',0,'/api/v1/orders',0);
INSERT INTO "traffic_logs" VALUES(155,'2026-03-30 22:19:57.382','2026-03-30 22:19:57.594',212,35,155,'user_1004',0,'/api/v1/login',1);
INSERT INTO "traffic_logs" VALUES(156,'2026-03-30 22:30:29.382','2026-03-30 22:30:29.450',68,36,156,'user_1005',0,'/api/v1/login',0);
INSERT INTO "traffic_logs" VALUES(157,'2026-03-30 22:48:57.382','2026-03-30 22:48:57.544',162,37,157,'user_1006',0,'/api/v1/orders',1);
INSERT INTO "traffic_logs" VALUES(158,'2026-03-30 22:49:20.382','2026-03-30 22:49:20.583',201,38,158,'user_1007',0,'/api/v1/user',0);
INSERT INTO "traffic_logs" VALUES(159,'2026-03-30 22:41:49.382','2026-03-30 22:41:49.614',232,39,159,'user_1008',0,'/api/v1/search',0);
INSERT INTO "traffic_logs" VALUES(160,'2026-03-30 22:31:33.382','2026-03-30 22:31:33.539',157,40,160,'user_1009',0,'/api/v1/orders',0);
INSERT INTO "traffic_logs" VALUES(161,'2026-03-30 22:21:09.382','2026-03-30 22:21:09.430',48,1,161,'user_1010',0,'/api/v1/search',0);
INSERT INTO "traffic_logs" VALUES(162,'2026-03-30 23:06:58.382','2026-03-30 23:06:58.504',122,2,162,'user_1011',0,'/api/v1/orders',0);
INSERT INTO "traffic_logs" VALUES(163,'2026-03-30 22:37:45.382','2026-03-30 22:37:45.594',212,3,163,'user_1012',1,'/api/v1/admin',0);
INSERT INTO "traffic_logs" VALUES(164,'2026-03-30 23:35:06.382','2026-03-30 23:35:06.440',58,4,164,'user_1013',0,'/api/v1/login',0);
INSERT INTO "traffic_logs" VALUES(165,'2026-03-30 23:11:09.382','2026-03-30 23:11:09.493',111,5,165,'user_1014',0,'/api/v1/login',0);
INSERT INTO "traffic_logs" VALUES(166,'2026-03-30 22:49:39.382','2026-03-30 22:49:39.472',90,6,166,'user_1015',1,'/api/v1/search',0);
INSERT INTO "traffic_logs" VALUES(167,'2026-03-30 22:11:17.382','2026-03-30 22:11:17.583',201,7,167,'user_1016',0,'/api/v1/user',0);
INSERT INTO "traffic_logs" VALUES(168,'2026-03-30 23:34:55.382','2026-03-30 23:34:55.537',155,8,168,'user_1017',0,'/api/v1/orders',0);
INSERT INTO "traffic_logs" VALUES(169,'2026-03-30 22:25:33.382','2026-03-30 22:25:33.507',125,9,169,'user_1018',0,'/api/v1/admin',0);
INSERT INTO "traffic_logs" VALUES(170,'2026-03-30 23:36:11.382','2026-03-30 23:36:11.557',175,10,170,'user_1019',0,'/api/v1/user',0);
INSERT INTO "traffic_logs" VALUES(171,'2026-03-30 23:19:49.382','2026-03-30 23:19:49.465',83,11,171,'user_1020',0,'/api/v1/search',0);
INSERT INTO "traffic_logs" VALUES(172,'2026-03-30 22:29:03.382','2026-03-30 22:29:03.446',64,12,172,'user_1021',0,'/api/v1/user',0);
INSERT INTO "traffic_logs" VALUES(173,'2026-03-30 23:35:13.382','2026-03-30 23:35:13.476',94,13,173,'user_1022',0,'/api/v1/search',0);
INSERT INTO "traffic_logs" VALUES(174,'2026-03-30 23:44:29.382','2026-03-30 23:44:29.449',67,14,174,'user_1023',0,'/api/v1/login',0);
INSERT INTO "traffic_logs" VALUES(175,'2026-03-30 22:47:09.382','2026-03-30 22:47:09.551',169,15,175,'user_1024',0,'/api/v1/orders',0);
INSERT INTO "traffic_logs" VALUES(176,'2026-03-30 23:13:44.382','2026-03-30 23:13:44.454',72,16,176,'user_1025',1,'/api/v1/admin',0);
INSERT INTO "traffic_logs" VALUES(177,'2026-03-30 23:43:33.382','2026-03-30 23:43:33.428',46,17,177,'user_1026',0,'/api/v1/admin',0);
INSERT INTO "traffic_logs" VALUES(178,'2026-03-30 22:15:42.382','2026-03-30 22:15:42.555',173,18,178,'user_1027',0,'/api/v1/orders',0);
INSERT INTO "traffic_logs" VALUES(179,'2026-03-30 23:00:21.382','2026-03-30 23:00:21.546',164,19,179,'user_1028',1,'/api/v1/admin',0);
INSERT INTO "traffic_logs" VALUES(180,'2026-03-30 23:30:35.382','2026-03-30 23:30:35.487',105,20,180,'user_1029',0,'/api/v1/user',0);
CREATE INDEX idx_traffic_logs_is_attack ON traffic_logs(is_attack);
CREATE INDEX idx_traffic_logs_request_at ON traffic_logs(request_at);
CREATE INDEX idx_clients_ip ON clients(ip);
DELETE FROM "sqlite_sequence";
INSERT INTO "sqlite_sequence" VALUES('clients',180);
INSERT INTO "sqlite_sequence" VALUES('fingerprints',180);
INSERT INTO "sqlite_sequence" VALUES('traffic_logs',180);
COMMIT;